date,AAPL,MSFT,AMZN,GOOG,META,TSLA,AMD,NFLX,PYPL,INTC,CRM,DIS,BA,PG,KO,COST
2021-09-30,138.0150146484375,270.5663757324219,164.2519989013672,132.01512145996094,336.1702880859375,258.49334716796875,102.9000015258789,61.034000396728516,257.3401794433594,49.07413864135742,266.13934326171875,164.02102661132812,219.94000244140625,122.94774627685547,45.32688522338867,425.8367614746094
2021-10-01,139.1366729736328,277.4571228027344,164.16299438476562,135.18211364746094,339.7559509277344,258.40667724609375,102.44999694824219,61.314998626708984,261.7312316894531,49.60835647583008,270.1036376953125,170.65280151367188,226.0,122.75423431396484,45.802005767822266,424.87005615234375
2021-10-04,135.71315002441406,271.7084045410156,159.48899841308594,132.50990295410156,323.1351013183594,260.510009765625,100.33999633789062,60.334999084472656,252.19752502441406,49.249141693115234,265.78607177734375,168.18040466308594,223.7899932861328,122.0594711303711,45.77609634399414,417.1086120605469
2021-10-05,137.6346435546875,277.130859375,161.0500030517578,134.8992919921875,329.80126953125,260.1966552734375,101.80999755859375,63.48099899291992,257.28082275390625,49.69124984741211,266.6789855957031,169.29542541503906,224.4199981689453,122.53435516357422,45.85383987426758,422.8893737792969
2021-10-06,138.50270080566406,281.30560302734375,163.10049438476562,136.0652618408203,330.47479248046875,260.9166564941406,103.63999938964844,63.90999984741211,261.147705078125,49.718875885009766,270.1134338378906,170.13893127441406,224.99000549316406,124.170166015625,46.398075103759766,425.8271789550781
2021-10-07,139.76092529296875,282.9756164550781,165.1215057373047,137.8795623779297,326.09674072265625,264.53668212890625,106.44999694824219,63.185001373291016,260.6334533691406,49.90309143066406,269.4364013671875,172.30108642578125,226.47999572753906,125.1639175415039,46.5449333190918,429.17242431640625
2021-10-08,139.3805389404297,282.9756164550781,164.43099975585938,138.74188232421875,326.91888427734375,261.8299865722656,105.05999755859375,63.26599884033203,257.19183349609375,49.56230163574219,267.37579345703125,171.36061096191406,226.38999938964844,124.64507293701172,46.752254486083984,428.2059020996094
2021-10-11,139.29273986816406,282.3805236816406,162.31500244140625,137.5447235107422,322.36260986328125,263.9800109863281,104.68000030517578,62.70399856567383,252.23707580566406,49.22150802612305,268.6219177246094,168.23861694335938,226.4499969482422,125.1639175415039,46.84729766845703,426.1683654785156
2021-10-12,138.02471923828125,281.0849609375,162.3665008544922,135.43023681640625,320.69842529296875,268.5733337402344,105.04000091552734,62.49399948120117,253.0282745361328,48.051761627197266,273.77362060546875,167.8604736328125,223.57000732421875,124.97927856445312,46.84729766845703,423.4864196777344
2021-10-13,137.4395294189453,284.37677001953125,164.21400451660156,136.60609436035156,321.4611511230469,270.3599853515625,109.16000366210938,62.97600173950195,253.53260803222656,48.13465881347656,279.082275390625,167.69566345214844,221.77999877929688,125.26946258544922,46.85591506958008,421.9986267089844
2021-10-14,140.2193145751953,290.5574645996094,164.9929962158203,140.08517456054688,325.4132995605469,272.7733459472656,111.98999786376953,63.380001068115234,263.5113525390625,49.64520263671875,284.5871887207031,169.10153198242188,217.44000244140625,126.68540954589844,47.17555236816406,427.0781555175781
2021-10-15,141.27276611328125,291.9586181640625,170.4510040283203,140.345703125,321.6790771484375,281.010009765625,112.12000274658203,62.82899856567383,265.390380859375,50.16099166870117,286.19647216796875,171.08912658691406,217.0399932861328,127.01081085205078,47.06324005126953,428.7176513671875
2021-10-18,142.94061279296875,294.91448974609375,172.33700561523438,141.619140625,332.1587219238281,290.03668212890625,116.43000030517578,63.797000885009766,267.3485107421875,50.170204162597656,286.2357177734375,165.93104553222656,216.97999572753906,125.1815414428711,46.59676742553711,437.7774353027344
2021-10-19,145.09619140625,295.81671142578125,172.20750427246094,142.47254943847656,336.7645568847656,288.0899963378906,116.33000183105469,63.900001525878906,268.7034606933594,50.851783752441406,286.8636779785156,165.9698028564453,215.97000122070312,123.70405578613281,46.778175354003906,442.6389465332031
2021-10-20,145.5838623046875,295.02978515625,170.7530059814453,141.07876586914062,337.54705810546875,288.6000061035156,116.38999938964844,62.513999938964844,255.5105743408203,50.999149322509766,284.65582275390625,165.3590087890625,216.1699981689453,124.18778991699219,47.192832946777344,445.18817138671875
2021-10-21,145.79844665527344,298.24493408203125,171.75050354003906,141.44082641601562,338.63671875,298.0,119.33000183105469,65.31600189208984,240.5276641845703,51.57942581176758,284.381103515625,166.12496948242188,214.33999633789062,123.29399108886719,46.95094680786133,452.2577819824219
2021-10-22,145.02793884277344,296.7093505859375,166.77749633789062,137.32431030273438,321.5304870605469,303.2266540527344,119.81999969482422,66.47799682617188,237.7486572265625,45.55569076538086,287.07958984375,164.2633819580078,212.97000122070312,124.62135314941406,47.03733825683594,456.7687683105469
2021-10-25,144.9791717529297,295.7207946777344,166.01849365234375,137.4709014892578,325.57183837890625,341.6199951171875,122.36000061035156,67.16600036621094,244.15721130371094,45.50963592529297,288.41412353515625,166.77456665039062,212.8699951171875,124.63905334472656,46.84729766845703,464.45428466796875
2021-10-26,145.6424102783203,297.62103271484375,168.80349731445312,138.36148071289062,312.81396484375,339.4766540527344,122.93000030517578,66.85199737548828,240.3199920654297,44.46883010864258,289.581787109375,166.8036651611328,209.80999755859375,126.40886688232422,47.05461883544922,460.1235046386719
2021-10-27,145.1840057373047,310.1551513671875,169.62449645996094,145.05361938476562,309.25799560546875,345.9533386230469,122.27999877929688,66.29199981689453,232.348876953125,44.109615325927734,289.6210632324219,164.38943481445312,206.61000061035156,125.50626373291016,47.961669921875,463.51617431640625
2021-10-28,148.8123779296875,311.28753662109375,172.32850646972656,144.75790405273438,313.9134521484375,359.0133361816406,121.16000366210938,67.40499877929688,234.21804809570312,44.28461837768555,292.79052734375,164.5154571533203,207.85000610351562,126.25840759277344,48.410884857177734,465.6139221191406
2021-10-29,146.11053466796875,318.2647705078125,168.6215057373047,146.87930297851562,320.50030517578125,371.3333435058594,120.2300033569336,69.03099822998047,230.0247802734375,45.13199996948242,294.0760498046875,163.92405700683594,207.02999877929688,126.53275299072266,48.695945739746094,466.57257080078125
2021-11-01,145.29132080078125,316.1053466796875,165.90550231933594,142.4250030517578,326.8495788574219,402.86334228515625,125.2300033569336,68.11699676513672,228.72923278808594,45.63857650756836,297.0885009765625,165.00994873046875,214.5800018310547,126.2230224609375,48.52317428588867,466.8858642578125
2021-11-02,146.32518005371094,319.71392822265625,165.6374969482422,144.49440002441406,324.9675598144531,390.6666564941406,127.62999725341797,67.77200317382812,226.92933654785156,45.924110412597656,297.27496337890625,164.66091918945312,212.77000427246094,127.47960662841797,48.46270751953125,471.74578857421875
2021-11-03,147.7589569091797,320.5489196777344,169.1999969482422,145.41270446777344,328.4739685058594,404.6199951171875,130.52999877929688,68.8290023803711,227.83917236328125,46.412269592285156,297.2160949707031,164.90328979492188,213.3800048828125,128.35565185546875,48.62684631347656,476.8144836425781
2021-11-04,147.24205017089844,322.8905944824219,173.85000610351562,147.28794860839844,332.66387939453125,409.9700012207031,137.5,66.83999633789062,225.70298767089844,46.66083908081055,302.2696228027344,165.0972137451172,213.02999877929688,128.5945587158203,48.8946418762207,489.4294738769531
2021-11-05,147.76947021484375,322.5259704589844,175.94949340820312,147.8406982421875,337.893798828125,407.36334228515625,136.33999633789062,64.5719985961914,223.28990173339844,47.22658157348633,301.49444580078125,170.28436279296875,224.4600067138672,129.2317352294922,49.101966857910156,487.05645751953125
2021-11-08,146.94898986816406,323.41845703125,174.44900512695312,147.9501495361328,335.4075622558594,387.64666748046875,150.16000366210938,65.1449966430664,226.88973999023438,47.810890197753906,304.1535949707031,171.48663330078125,222.67999267578125,128.26718139648438,48.661399841308594,478.2193603515625
2021-11-09,147.31039428710938,322.4203796386719,178.81149291992188,147.84812927246094,332.1883544921875,341.1666564941406,148.9199981689453,65.5989990234375,203.15444946289062,47.486270904541016,303.9082946777344,169.78021240234375,220.7899932861328,128.6565399169922,48.79961395263672,482.8704528808594
2021-11-10,144.4874267578125,317.4777526855469,174.1024932861328,145.25027465820312,324.53179931640625,355.98333740234375,139.8699951171875,64.69100189208984,202.38304138183594,47.078189849853516,294.056396484375,169.1403045654297,218.5,129.92196655273438,48.9983024597168,479.8330078125
2021-11-11,144.43861389160156,319.0420837402344,173.625,145.37110900878906,324.6307373046875,354.5033264160156,146.00999450683594,65.75800323486328,199.8018341064453,46.8648796081543,297.304443359375,157.1759033203125,219.3800048828125,129.55027770996094,49.01559066772461,486.1641540527344
2021-11-12,146.5094451904297,323.1593322753906,176.25750732421875,148.2414093017578,337.6560363769531,344.47332763671875,147.88999938964844,68.26100158691406,206.002685546875,46.66083908081055,300.90557861328125,154.77139282226562,220.9600067138672,129.6918487548828,48.90327835083008,490.9007873535156
2021-11-15,146.51919555664062,322.5355529785156,177.28399658203125,147.986328125,344.2627868652344,337.7966613769531,146.49000549316406,67.93299865722656,210.1959228515625,46.670108795166016,299.7673645019531,153.60787963867188,233.08999633789062,130.4351806640625,48.91192626953125,493.48260498046875
2021-11-16,147.4960174560547,325.8370361328125,177.03500366210938,147.67727661132812,339.7063903808594,351.57666015625,152.4499969482422,68.73999786376953,213.29141235351562,46.9390754699707,301.3374328613281,153.99571228027344,225.8000030517578,130.2493438720703,48.56637191772461,499.96563720703125
2021-11-17,149.92820739746094,326.0581359863281,177.4499969482422,147.6633758544922,337.5371398925781,363.0033264160156,151.33999633789062,69.16899871826172,203.9950714111328,46.586639404296875,302.25,152.54139709472656,226.6199951171875,130.1697235107422,48.29856872558594,499.5575256347656
2021-11-18,154.20657348632812,328.1253662109375,184.80299377441406,149.29493713378906,335.4769287109375,365.4599914550781,155.02000427246094,68.2020034790039,198.28871154785156,46.0765266418457,297.3141784667969,150.84463500976562,227.25,130.1874237060547,47.866634368896484,502.4809265136719
2021-11-19,156.82437133789062,329.8945007324219,183.82850646972656,148.54554748535156,342.0242004394531,379.0199890136719,155.41000366210938,67.87999725341797,191.47470092773438,45.92813491821289,295.5283508300781,149.31271362304688,214.1300048828125,129.92196655273438,47.6247673034668,506.67645263671875
2021-11-22,157.28346252441406,326.74072265625,178.6284942626953,145.698486328125,337.77490234375,385.6233215332031,152.52000427246094,65.91999816894531,187.39024353027344,46.21564865112305,291.2794494628906,149.46786499023438,209.89999389648438,130.7891387939453,47.91847610473633,512.2388305664062
2021-11-23,157.6644287109375,324.67364501953125,179.0019989013672,145.3800048828125,334.0505676269531,369.6766662597656,149.9199981689453,65.40599822998047,185.97601318359375,45.538597106933594,285.96099853515625,146.43312072753906,209.1300048828125,132.24037170410156,48.27265930175781,517.5639038085938
2021-11-24,158.18215942382812,324.8947448730469,179.02049255371094,145.3408660888672,337.82440185546875,372.0,157.8000030517578,65.8290023803711,186.6287384033203,46.150726318359375,283.75311279296875,146.73370361328125,210.60000610351562,131.55015563964844,47.8839225769043,521.8067626953125
2021-11-26,153.1711883544922,316.9817810058594,175.22799682617188,141.46609497070312,329.9597473144531,360.6400146484375,154.80999755859375,66.56400299072266,185.7188720703125,45.2418098449707,278.8860168457031,143.60198974609375,199.2100067138672,130.49713134765625,46.41535186767578,518.3897094726562
2021-11-29,156.5216064453125,323.6640625,178.07850646972656,144.74305725097656,334.8231506347656,378.9966735839844,161.91000366210938,66.38400268554688,185.17495727539062,46.37332534790039,291.1812744140625,143.31112670898438,198.5,131.86875915527344,47.149635314941406,526.6951904296875
2021-11-30,161.4641571044922,317.856689453125,175.35350036621094,141.11538696289062,321.38189697265625,381.586669921875,158.3699951171875,64.19000244140625,182.85086059570312,45.631343841552734,279.6219787597656,140.48971557617188,197.85000610351562,127.93975067138672,45.660972595214844,511.9826354980469
2021-12-01,160.94644165039062,317.3663024902344,172.18600463867188,140.28921508789062,307.6534423828125,365.0,149.11000061035156,61.777000427246094,177.34230041503906,45.07486343383789,246.78875732421875,137.8234100341797,188.19000244140625,129.55027770996094,45.5303955078125,502.92730712890625
2021-12-02,159.9599151611328,316.7990417480469,171.8679962158203,142.42745971679688,307.44537353515625,361.5333251953125,150.67999267578125,61.64699935913086,185.0859375,45.909584045410156,256.30706787109375,142.71969604492188,202.3800048828125,130.31126403808594,46.20072555541992,498.8170166015625
2021-12-03,158.08444213867188,310.5686950683594,169.489501953125,141.18325805664062,303.9290771484375,338.3233337402344,144.00999450683594,60.2130012512207,181.90145874023438,45.67771911621094,253.4810028076172,141.76953125,198.49000549316406,132.62979125976562,46.609893798828125,502.0633544921875
2021-12-06,161.4836883544922,313.6261901855469,171.36849975585938,142.44729614257812,314.85443115234375,336.336669921875,139.05999755859375,61.26900100708008,182.82118225097656,47.29151916503906,253.9029541015625,145.793212890625,205.8800048828125,134.6384735107422,47.802555084228516,506.11651611328125
2021-12-07,167.20770263671875,322.0199279785156,176.1645050048828,146.64749145507812,319.7475891113281,350.5833435058594,144.85000610351562,62.55799865722656,188.91326904296875,48.756900787353516,261.9886169433594,146.2198028564453,208.8300018310547,134.28451538085938,48.063724517822266,514.4884033203125
2021-12-08,171.01722717285156,322.0679626464844,176.1580047607422,147.32510375976562,327.4240417480469,356.32000732421875,145.24000549316406,62.80799865722656,195.17344665527344,47.99638366699219,261.3213195800781,148.6728057861328,211.02999877929688,134.8862762451172,47.88090896606445,503.1835021972656
2021-12-09,170.5093231201172,320.27001953125,174.17100524902344,146.71636962890625,326.6910400390625,334.6000061035156,138.10000610351562,61.099998474121094,189.6352081298828,46.81850051879883,259.36859130859375,148.28500366210938,207.55999755859375,135.673828125,47.759029388427734,497.69696044921875
2021-12-10,175.28579711914062,329.3465270996094,172.21200561523438,147.280029296875,326.6216735839844,339.010009765625,138.5500030517578,61.16600036621094,186.43093872070312,46.92051696777344,261.0465393066406,148.06201171875,205.05999755859375,137.5675506591797,48.99523162841797,530.4351806640625
2021-12-13,171.6619110107422,326.3273620605469,169.5675048828125,145.3280029296875,331.3167419433594,322.13665771484375,133.8000030517578,60.45600128173828,184.32443237304688,46.37332534790039,260.7816467285156,145.85137939453125,197.39999389648438,139.52317810058594,50.283660888671875,528.9163818359375
2021-12-14,170.28460693359375,315.693359375,169.0915069580078,143.6103057861328,330.5738220214844,319.5033264160156,135.60000610351562,59.79899978637695,184.7398223876953,46.09508514404297,250.80213928222656,144.56187438964844,195.5,140.03643798828125,50.318485260009766,517.6398315429688
2021-12-15,175.1392822265625,321.7602844238281,173.31500244140625,145.9857940673828,338.4187316894531,325.3299865722656,146.5,60.50400161743164,188.55723571777344,46.99472427368164,255.1687774658203,145.8223114013672,195.42999267578125,140.57623291015625,50.54482650756836,536.7570190429688
2021-12-16,168.2626495361328,312.38580322265625,168.87100219726562,143.47950744628906,331.7228698730469,308.97332763671875,138.63999938964844,59.10599899291992,186.66830444335938,47.14311981201172,248.37840270996094,144.22250366210938,190.7899932861328,142.56727600097656,51.05846405029297,524.5595703125
2021-12-17,167.1686248779297,311.328125,170.0175018310547,141.4630889892578,330.6234130859375,310.8566589355469,137.75,58.67300033569336,184.1464080810547,46.94834518432617,248.1919403076172,144.23219299316406,192.6300048828125,139.33734130859375,50.257537841796875,519.7946166992188
2021-12-20,165.81089782714844,307.5881042480469,167.07899475097656,141.0653839111328,322.36260986328125,299.9800109863281,135.8000030517578,59.374000549316406,180.66522216796875,46.0023307800293,242.5791015625,142.0119171142578,188.47999572753906,139.69134521484375,50.09213638305664,520.6961669921875
2021-12-21,168.97572326660156,314.683837890625,170.41700744628906,142.86729431152344,331.0295104980469,312.84332275390625,144.25,60.492000579833984,187.0540008544922,47.08747100830078,247.81907653808594,146.4525146484375,199.52000427246094,139.6028289794922,50.29236602783203,517.7252807617188
2021-12-22,171.56419372558594,320.3661193847656,171.03700256347656,145.57022094726562,327.3150939941406,336.2900085449219,143.8800048828125,61.42399978637695,189.56597900390625,47.2729606628418,248.06439208984375,147.2572784423828,201.69000244140625,140.9832763671875,50.64930725097656,521.7500610351562
2021-12-23,172.18936157226562,321.798828125,171.06849670410156,145.7618865966797,332.0596008300781,355.6666564941406,146.13999938964844,61.409000396728516,189.892333984375,47.58830261230469,248.39801025390625,148.95399475097656,204.22000122070312,141.6735076904297,50.684120178222656,522.4142456054688
2021-12-27,176.14537048339844,329.2598876953125,169.66949462890625,146.6747283935547,342.8958435058594,364.64666748046875,154.36000061035156,61.3120002746582,189.892333984375,48.17259979248047,253.46136474609375,148.14926147460938,203.1699981689453,143.3282470703125,51.05846405029297,534.848876953125
2021-12-28,175.12950134277344,328.1060791015625,170.66099548339844,145.07391357421875,342.9354553222656,362.8233337402344,153.14999389648438,61.07099914550781,188.00341796875,48.00566101074219,250.6647491455078,150.4761962890625,206.1300048828125,144.09812927246094,51.258689880371094,535.9596557617188
2021-12-29,175.21743774414062,328.7792053222656,169.2010040283203,145.1298828125,339.6866149902344,362.0633239746094,148.25999450683594,61.05400085449219,187.87484741210938,48.07058334350586,249.7717742919922,150.15625,203.66000366210938,145.29273986816406,51.319637298583984,538.9306030273438
2021-12-30,174.0648193359375,326.25042724609375,168.64450073242188,144.63258361816406,341.0931091308594,356.7799987792969,145.14999389648438,61.20899963378906,189.76377868652344,47.98711013793945,250.54701232910156,151.18397521972656,202.7100067138672,144.0362091064453,51.171630859375,535.2665405273438
2021-12-31,173.44943237304688,323.365966796875,166.7169952392578,143.32199096679688,333.1590881347656,352.260009765625,143.89999389648438,60.24399948120117,186.50018310546875,47.7645149230957,249.3694610595703,150.1756591796875,201.32000732421875,144.75296020507812,51.545982360839844,538.8641357421875
2022-01-03,177.78639221191406,321.8564453125,170.4044952392578,143.71328735351562,335.3283386230469,399.9266662597656,150.24000549316406,59.73699951171875,192.79002380371094,49.35049057006836,250.674560546875,151.9887237548828,207.86000061035156,144.15121459960938,51.624324798583984,537.92431640625
2022-01-04,175.52999877929688,316.3375549316406,167.52200317382812,143.0614776611328,333.33740234375,383.1966552734375,144.4199981689453,59.1150016784668,189.03195190429688,49.285552978515625,243.57998657226562,150.99008178710938,213.6300048828125,144.65565490722656,52.486183166503906,535.5703125
2022-01-05,170.86093139648438,304.1940002441406,164.35699462890625,136.3619384765625,321.0946044921875,362.7066650390625,136.14999389648438,56.75199890136719,185.09584045410156,49.962615966796875,223.4051513671875,150.4665069580078,213.07000732421875,145.31045532226562,52.92147445678711,521.9872436523438
2022-01-06,168.00868225097656,301.79034423828125,163.25399780273438,136.26040649414062,329.3059997558594,354.8999938964844,136.22999572753906,55.32899856567383,190.1494903564453,50.09245300292969,224.857421875,152.12445068359375,211.33999633789062,144.0892791748047,52.642879486083984,521.8733520507812
2022-01-07,168.1747283935547,301.94415283203125,162.5540008544922,135.71900939941406,328.6423645019531,342.32000732421875,132.0,54.10599899291992,185.53099060058594,49.56380081176758,224.03314208984375,153.0261688232422,215.5,144.00967407226562,52.52100372314453,508.9452209472656
2022-01-10,168.1942596435547,302.165283203125,161.48599243164062,137.27381896972656,324.9576721191406,352.7066650390625,132.0,53.98500061035156,180.93226623535156,51.20541763305664,225.32843017578125,151.8336181640625,209.30999755859375,142.04518127441406,52.60805892944336,492.4479064941406
2022-01-11,171.01722717285156,302.8479919433594,165.36199951171875,138.70375061035156,331.19793701171875,354.79998779296875,137.30999755859375,54.08399963378906,189.40773010253906,51.854644775390625,230.4408416748047,153.08433532714844,216.02000427246094,140.39926147460938,52.6254768371582,495.51385498046875
2022-01-12,171.45677185058594,306.0112609863281,165.20700073242188,140.31893920898438,330.098388671875,368.739990234375,137.47000122070312,53.72200012207031,185.1353759765625,51.69697952270508,233.3748321533203,152.99705505371094,217.4499969482422,140.7089385986328,52.703819274902344,499.0922546386719
2022-01-13,168.1942596435547,293.0599670410156,161.21400451660156,137.8255615234375,323.3827209472656,343.85333251953125,132.74000549316406,51.91999816894531,179.01365661621094,50.95500183105469,224.34718322753906,150.70889282226562,223.89999389648438,140.07180786132812,53.01721954345703,490.6254577636719
2022-01-14,169.05386352539062,298.2520751953125,162.13800048828125,138.4749298095703,328.75128173828125,349.8699951171875,136.8800048828125,52.569000244140625,176.45220947265625,51.65987777709961,226.89845275878906,147.31544494628906,225.9600067138672,141.4168701171875,53.44380569458008,477.4410095214844
2022-01-18,165.8597412109375,290.9928283691406,158.91749572753906,135.01170349121094,315.13177490234375,343.5033264160156,131.92999267578125,51.08000183105469,172.53590393066406,50.78805923461914,221.82530212402344,147.63540649414062,225.00999450683594,138.69137573242188,53.01721954345703,463.2788391113281
2022-01-19,162.37255859375,291.6466979980469,156.2989959716797,134.3791961669922,316.5581359863281,331.8833312988281,128.27000427246094,51.58599853515625,171.6359405517578,49.730743408203125,222.03138732910156,145.54112243652344,217.0800018310547,143.3548126220703,53.10427474975586,465.2626953125
2022-01-20,160.69252014160156,289.9832763671875,151.66749572753906,132.2538604736328,313.556884765625,332.0899963378906,121.88999938964844,50.82500076293945,171.368896484375,48.265350341796875,218.76376342773438,143.12692260742188,214.19000244140625,144.12884521484375,52.88663864135742,458.2955627441406
2022-01-21,158.64120483398438,284.6278991699219,142.64300537109375,128.87135314941406,300.29388427734375,314.6333312988281,118.80999755859375,39.75,161.736328125,48.265350341796875,214.5345001220703,133.19859313964844,205.44000244140625,144.680419921875,52.6254768371582,457.1470031738281
2022-01-24,157.8695831298828,284.95477294921875,144.54400634765625,129.14874267578125,305.7812805175781,310.0,116.52999877929688,38.71500015258789,160.38145446777344,48.17259979248047,218.85208129882812,133.2761688232422,204.1999969482422,143.50608825683594,52.19889831542969,464.0666198730469
2022-01-25,156.0722198486328,277.37823486328125,139.98599243164062,125.54635620117188,297.3025207519531,306.1333312988281,111.12999725341797,36.641998291015625,156.45521545410156,47.300785064697266,211.35520935058594,132.3550567626953,204.10000610351562,141.94021606445312,52.077022552490234,453.0748596191406
2022-01-26,155.98435974121094,285.2816162109375,138.87249755859375,128.02737426757812,291.83489990234375,312.4700012207031,110.70999908447266,35.970001220703125,155.24868774414062,47.94073486328125,207.04742431640625,129.5336456298828,194.27000427246094,140.7035675048828,51.885494232177734,458.9124755859375
2022-01-27,155.52523803710938,288.29107666015625,139.6374969482422,127.90948486328125,291.8448181152344,276.3666687011719,102.5999984741211,38.66999816894531,156.36622619628906,44.564762115478516,208.7548370361328,131.29823303222656,189.75,141.57545471191406,51.92902374267578,458.0107116699219
2022-01-28,166.3773956298828,296.3867492675781,143.97799682617188,132.03887939453125,298.8477478027344,282.1166687011719,105.23999786376953,38.43600082397461,161.71656799316406,44.26796340942383,217.9689483642578,134.41053771972656,190.57000732421875,142.79434204101562,52.964988708496094,467.41741943359375
2022-01-31,170.7241668701172,299.00201416015625,149.57350158691406,134.42527770996094,310.2881774902344,312.239990234375,114.25,42.7140007019043,170.043701171875,45.27890396118164,228.2722625732422,138.6184539794922,200.24000549316406,142.7498321533203,53.11298751831055,479.4723815917969
2022-02-01,170.55809020996094,296.8675537109375,151.19349670410156,136.58482360839844,315.9737243652344,310.4166564941406,116.77999877929688,45.7130012512207,173.86111450195312,45.399478912353516,227.77178955078125,140.09219360351562,208.33999633789062,142.11819458007812,52.72123336791992,482.5857238769531
2022-02-02,171.7595672607422,301.38653564453125,150.6125030517578,146.64749145507812,319.9357604980469,301.88665771484375,122.76000213623047,42.948001861572266,131.10789489746094,45.918853759765625,220.7949676513672,138.2790985107422,207.52000427246094,144.6626739501953,53.260982513427734,495.50445556640625
2022-02-03,168.88780212402344,289.6468200683594,138.8455047607422,141.31202697753906,235.50442504882812,297.0466613769531,120.08000183105469,40.560001373291016,122.92911529541016,44.778076171875,208.78427124023438,135.76792907714844,206.38999938964844,146.03277587890625,53.63532257080078,496.0177001953125
2022-02-04,168.60418701171875,294.1560974121094,157.63949584960938,141.67413330078125,234.84075927734375,307.7733459472656,123.5999984741211,41.016998291015625,124.6894760131836,44.86686325073242,215.1232452392578,137.69737243652344,206.4499969482422,143.71070861816406,53.0694580078125,494.1165466308594
2022-02-07,167.89016723632812,289.3582763671875,157.9355010986328,137.63438415527344,222.77633666992188,302.4466552734375,123.66999816894531,40.209999084472656,120.07098388671875,45.025726318359375,212.9055938720703,138.17242431640625,211.9199981689453,142.63418579101562,53.626617431640625,490.427978515625
2022-02-08,170.99057006835938,292.8293151855469,161.4134979248047,137.9068145751953,218.09117126464844,307.3333435058594,128.22999572753906,40.35300064086914,118.93367004394531,45.614479064941406,213.35694885253906,138.14337158203125,213.27000427246094,142.3139190673828,53.9748420715332,495.42828369140625
2022-02-09,172.4087371826172,299.22320556640625,161.1894989013672,140.12579345703125,229.79904174804688,310.6666564941406,132.85000610351562,41.28900146484375,121.58411407470703,46.64247131347656,217.88059997558594,142.74879455566406,215.86000061035156,141.9936065673828,53.13909912109375,502.729248046875
2022-02-10,168.340087890625,290.7332763671875,159.0034942626953,137.30201721191406,225.9063262939453,301.51666259765625,125.7699966430664,40.62699890136719,117.70733642578125,45.66121292114258,213.59246826171875,147.5287322998047,218.75,139.83168029785156,53.435089111328125,492.89019775390625
2022-02-11,164.93650817871094,283.6759338378906,153.2935028076172,132.87149047851562,217.4671630859375,286.6666564941406,113.18000030517578,39.13100051879883,114.01847839355469,44.51173782348633,204.00546264648438,144.92062377929688,212.3000030517578,139.04873657226562,52.486183166503906,484.51495361328125
2022-02-14,165.17123413085938,283.63751220703125,155.16700744628906,134.03050231933594,215.63470458984375,291.9200134277344,114.2699966430664,39.65700149536133,112.86138916015625,44.46500778198242,202.5336151123047,146.2586212158203,210.0399932861328,139.44911193847656,52.82570266723633,481.558349609375
2022-02-15,168.9954071044922,288.8968505859375,156.510498046875,135.14544677734375,218.90341186523438,307.4766540527344,121.47000122070312,40.74599838256836,114.18660736083984,45.26870346069336,210.2365264892578,150.01083374023438,217.72999572753906,139.52029418945312,53.02592849731445,488.5550842285156
2022-02-16,168.7606658935547,288.5596008300781,158.10049438476562,136.197509765625,214.48570251464844,307.7966613769531,117.69000244140625,39.80799865722656,109.32086181640625,45.072452545166016,207.7735595703125,151.59121704101562,218.92999267578125,140.57901000976562,53.01721954345703,487.1102600097656
2022-02-17,165.17123413085938,280.10992431640625,154.65249633789062,131.0670928955078,205.73948669433594,292.1166687011719,112.37000274658203,38.66699981689453,104.03976440429688,44.45566177368164,196.28294372558594,148.29469299316406,213.5800018310547,142.18934631347656,54.07931137084961,489.59130859375
2022-02-18,163.6259765625,277.4122314453125,152.60150146484375,129.24334716796875,204.20420837402344,285.6600036621094,113.83000183105469,39.12900161743164,102.50685119628906,42.09129333496094,193.15267944335938,146.75308227539062,209.02999877929688,142.26051330566406,54.4449462890625,487.3668212890625
2022-02-22,160.71139526367188,277.2099609375,150.19749450683594,128.1883544921875,200.1628875732422,273.84332275390625,115.6500015258789,37.737998962402344,102.03214263916016,41.76420974731445,191.4747314453125,143.58258056640625,198.74000549316406,140.50784301757812,54.218597412109375,477.39459228515625
2022-02-23,156.5547332763672,270.0321350097656,144.82699584960938,126.38790130615234,196.56735229492188,254.67999267578125,109.76000213623047,36.74599838256836,99.60916900634766,41.726837158203125,186.97068786621094,141.43017578125,196.4199981689453,138.75515747070312,53.6179084777832,470.8161926269531
2022-02-24,159.16612243652344,283.8290100097656,151.35800170898438,131.4286346435547,205.63052368164062,266.92333984375,116.61000061035156,39.00299835205078,103.86174774169922,43.661319732666016,200.46310424804688,144.8527374267578,198.42999267578125,135.01846313476562,52.677703857421875,480.6268005371094
2022-02-25,161.22975158691406,286.4496154785156,153.7884979248047,133.25733947753906,208.4832305908203,269.9566650390625,121.05999755859375,39.08000183105469,109.7164535522461,44.58650207519531,204.1919403076172,144.978759765625,201.47999572753906,140.78366088867188,54.714813232421875,491.9490051269531
2022-02-28,161.49380493164062,287.87554931640625,153.56300354003906,133.62535095214844,209.0279998779297,290.1433410644531,123.33999633789062,39.45199966430664,110.6955337524414,44.5771484375,206.58621215820312,143.9413604736328,205.33999633789062,138.69290161132812,54.18377685546875,493.6220703125
2022-03-01,159.61599731445312,284.1758728027344,151.14199829101562,132.90914916992188,201.5595245361328,288.1233215332031,113.83000183105469,38.624000549316406,105.33531951904297,43.754764556884766,204.9769287109375,141.26535034179688,194.91000366210938,136.39749145507812,53.9487190246582,497.12042236328125
2022-03-02,162.90220642089844,289.2244567871094,152.05250549316406,133.48715209960938,206.1356964111328,293.2966613769531,118.27999877929688,38.00299835205078,105.4342041015625,45.67055892944336,206.44883728027344,142.8554229736328,197.80999755859375,136.82452392578125,54.34918212890625,501.9403076171875
2022-03-03,162.5794219970703,285.11041259765625,147.89849853515625,133.04783630371094,201.04446411132812,279.7633361816406,111.9800033569336,36.80699920654297,100.22232055664062,44.79209518432617,200.91452026367188,141.13931274414062,188.85000610351562,137.33168029785156,54.38400650024414,506.7409362792969
2022-03-04,159.58663940429688,279.27178955078125,145.64100646972656,130.88230895996094,198.16209411621094,279.42999267578125,108.41000366210938,36.17300033569336,98.80810546875,44.92292404174805,199.2070770263672,136.4369354248047,180.83999633789062,138.02561950683594,54.47106170654297,499.5636291503906
2022-03-07,155.80160522460938,268.72174072265625,137.4530029296875,125.27790832519531,185.69149780273438,268.1933288574219,102.94999694824219,35.0260009765625,92.57758331298828,44.5584602355957,192.55410766601562,129.4366912841797,169.1699981689453,135.9793243408203,53.173927307128906,502.4345397949219
2022-03-08,153.98248291015625,265.7735595703125,136.01449584960938,126.08428192138672,188.4847412109375,274.79998779296875,105.52999877929688,34.17599868774414,93.85335540771484,44.3902473449707,188.4818572998047,127.73995971679688,173.8000030517578,130.5967254638672,51.067161560058594,497.52923583984375
2022-03-09,159.37149047851562,277.9615173339844,139.2790069580078,132.60995483398438,196.61688232421875,286.3233337402344,111.05000305175781,35.87900161743164,99.11468505859375,44.51173782348633,199.35426330566406,129.58212280273438,178.55999755859375,132.35833740234375,51.32833480834961,501.60760498046875
2022-03-10,155.0387725830078,275.15771484375,146.8175048828125,131.4370880126953,193.35809326171875,279.4333190917969,106.45999908447266,35.676998138427734,97.46310424804688,43.60524368286133,196.4006805419922,129.57241821289062,178.38999938964844,128.95083618164062,50.38813018798828,506.42724609375
2022-03-11,151.33200073242188,269.83941650390625,145.52450561523438,129.2512664794922,185.8302001953125,265.1166687011719,104.29000091552734,34.03200149536133,95.50492858886719,42.8295783996582,194.19284057617188,127.73995971679688,176.22999572753906,127.42059326171875,50.422943115234375,501.3890075683594
2022-03-14,147.312255859375,266.3420104980469,141.85299682617188,125.55181884765625,184.85948181152344,255.4566650390625,102.25,33.10100173950195,95.8016357421875,41.493202209472656,189.50233459472656,125.10272979736328,175.52000427246094,129.0487060546875,51.352813720703125,499.9914855957031
2022-03-15,151.68406677246094,276.66070556640625,147.3665008544922,128.44390869140625,190.20823669433594,267.2966613769531,109.33000183105469,34.375,99.35203552246094,41.87635803222656,192.4657745361328,130.11538696289062,179.88999938964844,133.69287109375,52.300209045410156,515.553466796875
2022-03-16,156.0852813720703,283.6362609863281,153.10400390625,132.4361114501953,201.69821166992188,280.07666015625,115.37000274658203,35.75299835205078,106.72975158691406,43.577205657958984,201.71913146972656,133.9354705810547,188.99000549316406,133.23910522460938,52.159847259521484,516.5706176757812
2022-03-17,157.0926513671875,284.4359436035156,157.23899841308594,133.33755493164062,205.86830139160156,290.5333251953125,111.69000244140625,37.13999938964844,110.92301177978516,44.05381393432617,206.468505859375,135.22499084472656,190.19000244140625,133.65725708007812,52.7125129699707,525.5066528320312
2022-03-18,160.3788604736328,289.45556640625,161.25050354003906,135.51792907714844,214.43618774414062,301.7966613769531,113.45999908447266,38.060001373291016,117.46009063720703,44.34352111816406,214.7012939453125,136.0297088623047,192.8300018310547,133.5860595703125,52.721275329589844,533.6442260742188
2022-03-21,161.74813842773438,288.2320556640625,161.4915008544922,135.19796752929688,209.483642578125,307.0533447265625,115.91999816894531,37.45899963378906,113.38554382324219,44.28744888305664,209.71646118164062,134.40084838867188,185.89999389648438,134.0932159423828,53.14235305786133,528.111572265625
2022-03-22,165.11256408691406,292.9530334472656,164.88900756835938,138.9613037109375,214.59466552734375,331.32666015625,114.77999877929688,38.29199981689453,116.57002258300781,45.22197723388672,214.1223602294922,135.8455047607422,191.0399932861328,135.125244140625,53.33534240722656,531.8096313476562
2022-03-23,166.4720458984375,288.5499572753906,163.4080047607422,137.20394897460938,211.43495178222656,333.03668212890625,113.91999816894531,37.44900131225586,113.38554382324219,45.109832763671875,207.15536499023438,133.45066833496094,186.0399932861328,134.18218994140625,52.98445129394531,526.6759643554688
2022-03-24,170.24728393554688,292.9915771484375,163.64950561523438,139.986083984375,217.48696899414062,337.97332763671875,120.52999877929688,37.57099914550781,114.77011108398438,48.240516662597656,209.97161865234375,134.73049926757812,189.0500030517578,134.41348266601562,53.49323654174805,530.5641479492188
2022-03-25,170.88304138183594,292.5869445800781,164.77349853515625,140.19361877441406,219.7156524658203,336.8800048828125,119.66999816894531,37.3849983215332,112.50535583496094,48.436767578125,207.0768585205078,134.90501403808594,188.9499969482422,135.970458984375,53.97571563720703,528.2827758789062
2022-03-28,171.7437286376953,299.35052490234375,168.99049377441406,140.61810302734375,221.46884155273438,363.9466552734375,120.23999786376953,37.85100173950195,114.8887710571289,48.137718200683594,211.2472381591797,134.49778747558594,188.16000366210938,136.9046173095703,54.31782913208008,537.313720703125
2022-03-29,175.02992248535156,303.8884582519531,169.31500244140625,141.90591430664062,227.6793670654297,366.5233459472656,123.2300033569336,39.18199920654297,119.84352111816406,48.82926940917969,217.14466857910156,138.04641723632812,193.8000030517578,138.31031799316406,54.52836608886719,541.8483276367188
2022-03-30,173.86602783203125,302.3951416015625,166.30099487304688,141.3061065673828,225.68844604492188,364.663330078125,119.22000122070312,38.14699935913086,117.18318939208984,48.062957763671875,210.9136199951172,136.66961669921875,194.91000366210938,137.3583526611328,54.572227478027344,548.0179443359375
2022-03-31,170.775390625,297.04779052734375,162.99749755859375,138.3391876220703,220.25051879882812,359.20001220703125,109.33999633789062,37.45899963378906,114.37450408935547,46.31538391113281,208.3426971435547,132.98529052734375,191.5,135.94374084472656,54.38800811767578,547.4285278320312
2022-04-01,170.4819793701172,298.11724853515625,163.55999755859375,139.3798065185547,222.71690368652344,361.5299987792969,108.19000244140625,37.34700012207031,115.38326263427734,44.96031188964844,208.27401733398438,132.83016967773438,190.75999450683594,137.98109436035156,55.151187896728516,547.1624755859375
2022-04-04,174.52134704589844,303.4645690917969,168.34649658203125,142.2947235107422,231.67112731933594,381.8166809082031,110.52999877929688,39.150001525878906,120.51602172851562,45.978946685791016,214.7503662109375,134.36209106445312,191.17999267578125,137.08255004882812,54.86171340942383,546.744140625
2022-04-05,171.21554565429688,299.52392578125,164.05499267578125,139.73944091796875,229.6405792236328,363.7533264160156,106.81999969482422,38.01499938964844,116.35245513916016,44.979000091552734,206.2035369873047,131.49215698242188,182.64999389648438,137.56297302246094,54.8003044128418,546.9248046875
2022-04-06,168.0564727783203,288.5596008300781,158.75599670410156,135.888916015625,221.18161010742188,348.586669921875,103.66999816894531,36.834999084472656,111.2493667602539,44.4276237487793,197.05812072753906,128.53500366210938,178.72000122070312,139.52919006347656,55.352962493896484,555.9273071289062
2022-04-07,168.35963439941406,290.3612976074219,157.7845001220703,135.18458557128906,220.83489990234375,352.4200134277344,103.72000122070312,36.21500015258789,111.79329681396484,44.446327209472656,196.41050720214844,127.8563003540039,177.97000122070312,141.33523559570312,55.651214599609375,578.039306640625
2022-04-08,166.35464477539062,286.12200927734375,154.4604949951172,132.7530975341797,220.22079467773438,341.8299865722656,101.0,35.5880012512207,109.98348236083984,43.941673278808594,193.47647094726562,127.8563003540039,175.1999969482422,142.43844604492188,55.99333190917969,570.4246215820312
2022-04-11,162.1099853515625,274.8397521972656,151.1219940185547,128.57864379882812,214.40647888183594,325.30999755859375,97.37000274658203,34.79999923706055,108.59891510009766,43.52113723754883,191.78871154785156,126.67341613769531,175.02999877929688,141.89573669433594,55.97579574584961,555.8133544921875
2022-04-12,163.97805786132812,271.7566833496094,150.78750610351562,127.16999816894531,212.10850524902344,328.98333740234375,95.0999984741211,34.40999984741211,107.05612182617188,43.455711364746094,191.1606903076172,126.85763549804688,176.27999877929688,141.46864318847656,56.633705139160156,552.66650390625
2022-04-13,166.65785217285156,277.1136169433594,155.54100036621094,129.0635528564453,212.950439453125,340.7900085449219,97.73999786376953,35.042999267578125,104.01009368896484,43.93232345581055,192.0536346435547,128.32168579101562,182.8699951171875,141.86904907226562,56.782840728759766,561.91650390625
2022-04-14,161.6600799560547,269.60809326171875,151.7064971923828,126.05902099609375,208.18605041503906,328.3333435058594,93.05999755859375,34.112998962402344,101.18163299560547,42.680049896240234,185.86184692382812,126.49891662597656,181.94000244140625,141.0772247314453,57.037227630615234,561.2509155273438
2022-04-18,161.44491577148438,270.27294921875,152.78500366210938,126.76036071777344,208.7704620361328,334.7633361816406,93.88999938964844,33.7859992980957,99.47071075439453,43.586551666259766,183.5068359375,123.8810806274414,179.85000610351562,139.73377990722656,56.528446197509766,553.38916015625
2022-04-19,163.72373962402344,274.8782958984375,158.11549377441406,129.30625915527344,215.2484130859375,342.7166748046875,96.93000030517578,34.861000061035156,102.5167465209961,44.79209518432617,187.8047637939453,127.88538360595703,185.97999572753906,141.82455444335938,57.08110427856445,564.9679565429688
2022-04-20,163.55747985839844,275.89959716796875,153.9980010986328,127.04219818115234,198.51864624023438,325.73333740234375,94.0199966430664,22.618999481201172,93.85335540771484,44.96031188964844,182.74143981933594,120.77848052978516,183.5500030517578,145.59681701660156,57.861820220947266,573.7424926757812
2022-04-21,162.76524353027344,270.5523986816406,148.29600524902344,123.7652359008789,186.28579711914062,336.260009765625,89.8499984741211,21.82200050354004,88.41402435302734,44.3902473449707,173.91001892089844,117.95706176757812,181.02000427246094,145.48321533203125,58.08114242553711,562.5343017578125
2022-04-22,158.23696899414062,264.0200500488281,144.35000610351562,118.49169921875,182.36338806152344,335.01666259765625,88.13999938964844,21.552000045776367,85.08118438720703,43.493099212646484,168.2186737060547,114.67022705078125,176.9199981689453,144.26649475097656,57.238990783691406,543.4835815429688
2022-04-25,159.30303955078125,270.46563720703125,146.07400512695312,122.09357452392578,185.216064453125,332.67333984375,90.69000244140625,20.990999221801758,86.81188201904297,43.97905349731445,171.29986572265625,116.29910278320312,175.91000366210938,145.42953491210938,57.84428405761719,540.1658935546875
2022-04-26,153.3565216064453,260.3491516113281,139.39100646972656,118.38470458984375,179.2333526611328,292.1400146484375,85.16000366210938,19.84000015258789,82.7768783569336,42.53987503051758,166.89395141601562,112.24632263183594,167.0399932861328,142.96023559570312,57.06355285644531,526.4287719726562
2022-04-27,153.13160705566406,272.8743896484375,138.16700744628906,113.94127655029297,173.29026794433594,293.836669921875,84.91000366210938,18.854000091552734,81.69890594482422,42.259517669677734,171.4077606201172,111.70337677001953,154.4600067138672,142.57546997070312,57.51094055175781,526.7330932617188
2022-04-28,160.0463104248047,279.0501403808594,144.59649658203125,118.29108428955078,203.7782745361328,292.5033264160156,89.63999938964844,19.95199966430664,91.07434844970703,43.77345275878906,182.26063537597656,111.78094482421875,154.22000122070312,146.1989288330078,58.063602447509766,535.1314086914062
2022-04-29,154.1878662109375,267.38250732421875,124.28150177001953,113.88780212402344,198.56817626953125,290.2533264160156,85.5199966430664,19.035999298095703,86.96022033691406,40.73622131347656,172.6441650390625,108.23233032226562,148.83999633789062,143.6401824951172,56.67757797241211,506.29888916015625
2022-05-02,154.49107360839844,274.07861328125,124.5,116.05773162841797,209.12704467773438,300.9800109863281,89.83999633789062,19.945999145507812,90.52052307128906,42.01654052734375,174.24363708496094,110.04542541503906,148.61000061035156,141.6987762451172,55.651214599609375,503.6614685058594
2022-05-03,155.9776611328125,271.4869079589844,124.25350189208984,117.0211181640625,210.0185089111328,303.0833435058594,91.12999725341797,19.98699951171875,89.70956420898438,42.10999298095703,175.0188446044922,110.09390258789062,153.5800018310547,139.75726318359375,55.33541488647461,502.8331604003906
2022-05-04,162.3740692138672,279.3874206542969,125.92849731445312,121.42491149902344,221.2905731201172,317.5400085449219,99.41999816894531,20.400999069213867,91.69739532470703,43.493099212646484,182.00546264648438,112.65354919433594,156.97000122070312,140.78616333007812,57.0460090637207,518.4014282226562
2022-05-05,153.32717895507812,267.21875,116.40699768066406,115.65109252929688,206.30406188964844,291.09332275390625,93.87000274658203,18.832000732421875,84.48780822753906,42.00957107543945,169.0723876953125,109.18251037597656,150.47000122070312,138.19158935546875,56.58985137939453,492.58746337890625
2022-05-06,154.052001953125,264.6944885253906,114.77249908447266,114.57478332519531,201.8368682861328,288.54998779296875,95.33999633789062,18.097000122070312,80.77915954589844,41.726993560791016,166.52105712890625,106.93313598632812,148.89999389648438,139.56939697265625,56.79161071777344,479.29486083984375
2022-05-09,148.9391632080078,254.91514587402344,108.78900146484375,112.02296447753906,194.34860229492188,262.3699951171875,86.36000061035156,17.309999465942383,78.65287780761719,40.56843566894531,160.53533935546875,103.723876953125,133.30999755859375,139.22047424316406,56.67757797241211,474.98150634765625
2022-05-10,151.33883666992188,259.655517578125,108.85900115966797,113.50938415527344,195.77491760253906,266.67999267578125,88.7300033569336,17.766000747680664,77.88147735595703,41.4538459777832,164.01882934570312,104.40257263183594,132.9499969482422,138.48684692382812,56.1512336730957,477.4856872558594
2022-05-11,143.4932403564453,251.03236389160156,105.37200164794922,112.89173889160156,186.94943237304688,244.6666717529297,87.91999816894531,16.636999130249023,74.3409652709961,40.342376708984375,158.24896240234375,102.00774383544922,129.38999938964844,136.53643798828125,56.41440200805664,465.6975402832031
2022-05-12,139.6340789794922,246.02235412597656,106.93049621582031,112.09922790527344,189.4257354736328,242.6666717529297,87.05999755859375,17.430999755859375,73.47066497802734,40.3517951965332,157.4149169921875,101.1351318359375,123.13999938964844,135.9817657470703,56.58985137939453,462.9362487792969
2022-05-13,144.09075927734375,251.58155822753906,113.05500030517578,115.42225646972656,196.73574829101562,256.5299987792969,95.12000274658203,18.763999938964844,77.9605941772461,41.067649841308594,163.78335571289062,104.06322479248047,127.19999694824219,137.4400634765625,57.65129089355469,473.4960021972656
2022-05-16,142.55294799804688,251.94772338867188,110.81050109863281,113.71541595458984,198.1422576904297,241.4566650390625,94.23999786376953,18.650999069213867,76.79360961914062,40.577857971191406,161.04562377929688,101.9786605834961,124.05000305175781,138.7820587158203,57.861820220947266,470.88702392578125
2022-05-17,146.17703247070312,257.0733947753906,115.36849975585938,115.60652160644531,200.6977996826172,253.8699951171875,102.47000122070312,19.055999755859375,78.87044525146484,41.821197509765625,160.66293334960938,105.33333587646484,132.0500030517578,138.388427734375,57.70392608642578,467.0211181640625
2022-05-18,137.92982482910156,245.36891174316406,107.11250305175781,111.34636688232422,190.416259765625,236.60333251953125,96.27999877929688,17.7189998626709,76.32878875732422,39.890254974365234,154.38279724121094,101.12544250488281,125.5199966430664,129.7637481689453,53.68622970581055,408.8708801269531
2022-05-19,134.5310516357422,244.4611358642578,107.31900024414062,109.70640563964844,189.47528076171875,236.47332763671875,96.66999816894531,18.347999572753906,80.38357543945312,39.570003509521484,152.68519592285156,100.000732421875,127.13999938964844,126.77552032470703,52.63356399536133,402.7100524902344
2022-05-20,134.76611328125,243.90103149414062,107.59100341796875,108.28734588623047,191.7039031982422,221.3000030517578,93.5,18.635000228881836,79.65172576904297,39.23091506958008,156.65933227539062,99.30265808105469,120.69999694824219,126.85600280761719,53.49323654174805,396.5209045410156
2022-05-23,140.17283630371094,251.7136688232422,107.55699920654297,110.6187515258789,194.36839294433594,224.96665954589844,95.06999969482422,18.743999481201172,80.28467559814453,39.560585021972656,157.31680297851562,102.60887145996094,124.06999969482422,129.77268981933594,55.142417907714844,408.947021484375
2022-05-24,137.47930908203125,250.71897888183594,104.0999984741211,104.93212127685547,179.56024169921875,209.3866729736328,91.16000366210938,18.034000396728516,77.78258514404297,39.249752044677734,153.99029541015625,98.49791717529297,119.4000015258789,132.0809783935547,56.16000747680664,416.78363037109375
2022-05-25,137.63597106933594,253.51951599121094,106.7750015258789,104.84642028808594,182.08604431152344,219.60000610351562,92.6500015258789,18.783000946044922,79.23636627197266,39.74897003173828,156.65933227539062,100.11709594726562,122.05999755859375,129.9158477783203,56.20387649536133,419.0688171386719
2022-05-26,140.8290557861328,256.78375244140625,111.07749938964844,107.27989196777344,189.8120574951172,235.91000366210938,98.75,19.139999389648438,79.5330581665039,40.95462417602539,159.41671752929688,102.39556121826172,127.7300033569336,131.05206298828125,56.40563201904297,442.7593078613281
2022-05-27,146.5688018798828,263.87200927734375,115.14649963378906,111.74064636230469,193.27883911132812,253.2100067138672,102.26000213623047,19.518999099731445,84.27023315429688,41.96247482299805,162.0072479248047,105.9926528930664,132.22999572753906,133.05616760253906,56.73897933959961,448.25347900390625
2022-05-31,145.7852020263672,262.5489501953125,120.20950317382812,112.96900177001953,191.80299377441406,252.75332641601562,101.86000061035156,19.743999481201172,84.27023315429688,41.840030670166016,157.23831176757812,107.07855987548828,131.39999389648438,132.3046417236328,55.59858703613281,443.9305114746094
2022-06-01,145.6578826904297,263.0801696777344,121.68399810791016,113.06607818603516,186.85040283203125,246.7899932861328,101.22000122070312,19.291000366210938,81.5703353881836,41.548030853271484,172.7717742919922,105.86660766601562,130.64999389648438,130.30055236816406,55.32664108276367,435.1417236328125
2022-06-02,148.10659790039062,265.1660461425781,125.51100158691406,116.6412124633789,196.97344970703125,258.3333435058594,108.58999633789062,20.509000778198242,87.34593200683594,42.235633850097656,184.87075805664062,107.49547576904297,140.5,131.70521545410156,55.90561294555664,464.2978210449219
2022-06-03,142.39620971679688,260.7624206542969,122.3499984741211,113.48906707763672,188.97012329101562,234.51666259765625,106.30000305175781,19.898000717163086,85.57566833496094,40.86985778808594,181.44613647460938,105.36243438720703,139.25,130.5242462158203,55.238922119140625,453.48101806640625
2022-06-06,143.140625,259.5359802246094,124.79000091552734,115.91261291503906,192.4071807861328,238.27999877929688,105.6500015258789,19.714000701904297,85.85257720947266,40.82276153564453,179.44435119628906,104.5479965209961,139.24000549316406,130.01425170898438,55.151187896728516,449.8817138671875
2022-06-07,145.6578826904297,263.1573791503906,123.0,116.12956237792969,193.7938995361328,238.8866729736328,105.27999877929688,19.861000061035156,87.61295318603516,41.001712799072266,183.64419555664062,104.50920867919922,140.82000732421875,131.46365356445312,55.48454284667969,449.2247314453125
2022-06-08,144.92330932617188,261.1390686035156,121.18000030517578,116.13799285888672,194.77452087402344,241.86666870117188,101.9000015258789,20.283000946044922,86.54486846923828,38.835304260253906,185.6459503173828,104.07291412353516,139.6300048828125,129.82640075683594,55.16873550415039,445.6158447265625
2022-06-09,139.7124786376953,255.7117156982422,116.1500015258789,113.83975219726562,182.25442504882812,239.7066650390625,98.80000305175781,19.277000427246094,83.18236541748047,37.68616485595703,183.6049346923828,100.1558837890625,133.72999572753906,127.48231506347656,54.21257019042969,449.48175048828125
2022-06-10,134.3155517578125,244.3163299560547,109.6500015258789,110.3819808959961,173.90438842773438,232.22999572753906,94.81999969482422,18.29400062561035,78.4254150390625,36.90437316894531,175.10716247558594,96.37458038330078,127.0,126.99920654296875,53.870445251464844,441.1596374511719
2022-06-13,129.17330932617188,233.9541473388672,103.66999816894531,105.87371826171875,162.70167541503906,215.73666381835938,86.98999786376953,16.9689998626709,72.90695190429688,35.576271057128906,162.91983032226562,92.7968978881836,115.86000061035156,123.59944152832031,53.80904006958008,430.62841796875
2022-06-14,130.0352325439453,236.10775756835938,102.30999755859375,106.18822479248047,162.17672729492188,220.88999938964844,86.98999786376953,16.753999710083008,71.66085052490234,35.72697830200195,161.3694305419922,91.35224151611328,122.16000366210938,119.74337768554688,52.3334846496582,433.05645751953125
2022-06-15,132.65045166015625,243.1284637451172,107.66999816894531,109.354736328125,167.743408203125,233.0,89.30000305175781,18.01099967956543,74.99368286132812,36.405155181884766,165.39260864257812,92.96171569824219,133.72000122070312,118.55347442626953,52.72225570678711,436.855712890625
2022-06-16,127.39067077636719,236.57125854492188,103.66000366210938,105.63545989990234,159.34384155273438,213.10000610351562,82.05000305175781,17.334999084472656,70.44441223144531,35.17123794555664,156.85556030273438,91.41041564941406,133.36000061035156,119.27816772460938,52.19211959838867,430.1618347167969
2022-06-17,128.8599090576172,239.15936279296875,106.22000122070312,106.85342407226562,162.1866455078125,216.75999450683594,81.56999969482422,17.551000595092773,72.09600067138672,34.82273483276367,160.20169067382812,91.46858215332031,136.8000030517578,118.41925811767578,52.51020812988281,425.33416748046875
2022-06-21,133.0814208984375,245.04058837890625,108.68000030517578,110.96397399902344,155.5601043701172,237.0366668701172,83.79000091552734,17.090999603271484,71.57183837890625,35.53859329223633,163.70484924316406,90.45054626464844,136.75,122.00690460205078,53.63232421875,440.9691467285156
2022-06-22,132.57211303710938,244.45147705078125,108.94999694824219,110.98279571533203,154.37149047851562,236.086669921875,83.75,17.888999938964844,72.16522216796875,35.20892333984375,164.31320190429688,90.65415954589844,137.16000366210938,123.91258239746094,54.029937744140625,437.9697570800781
2022-06-23,135.4321746826172,249.98500061035156,112.44000244140625,111.62720489501953,157.24395751953125,235.07000732421875,82.43000030517578,18.17099952697754,72.99595642089844,35.23717498779297,169.80833435058594,91.4298095703125,133.97000122070312,127.31238555908203,54.674930572509766,452.29071044921875
2022-06-24,138.75259399414062,258.5220031738281,116.45999908447266,117.42578887939453,168.5457305908203,245.7066650390625,87.08000183105469,19.084999084472656,76.82327270507812,36.36748123168945,182.43724060058594,94.80387878417969,141.52999877929688,129.1464080810547,55.69987487792969,461.2127685546875
2022-06-27,138.75259399414062,255.8083038330078,113.22000122070312,115.52825164794922,167.88211059570312,244.9199981689453,86.16000366210938,18.913999557495117,75.10247802734375,36.386314392089844,177.9136199951172,93.66950225830078,138.72000122070312,128.16229248046875,55.58500289916992,458.7179870605469
2022-06-28,134.61915588378906,247.6866455078125,107.4000015258789,111.51526641845703,159.1556396484375,232.663330078125,80.77999877929688,17.959999084472656,71.02790069580078,35.58568572998047,168.24810791015625,93.00049591064453,138.6999969482422,126.07767486572266,55.028358459472656,446.20623779296875
2022-06-29,136.3724822998047,251.33705139160156,108.91999816894531,111.20320892333984,162.38475036621094,228.49000549316406,77.98999786376953,17.836000442504883,70.68177032470703,35.1241455078125,167.41403198242188,92.73871612548828,138.4499969482422,127.22288513183594,55.42596435546875,447.37744140625
2022-06-30,133.9139862060547,248.02464294433594,106.20999908447266,108.34628295898438,159.7202606201172,224.47332763671875,76.47000122070312,17.48699951171875,69.06974029541016,35.23717498779297,161.94834899902344,91.52677154541016,136.72000122070312,128.64540100097656,55.58500289916992,456.3660888671875
2022-07-01,136.07861328125,250.68032836914062,109.55999755859375,108.0575180053711,158.51185607910156,227.26333618164062,73.66999816894531,17.9950008392334,70.61253356933594,34.22932052612305,165.0491943359375,93.21380615234375,139.83999633789062,130.72103881835938,56.88383865356445,462.53631591796875
2022-07-05,138.65463256835938,253.83827209472656,113.5,112.81843566894531,166.59442138671875,233.06666564941406,75.19999694824219,18.58799934387207,73.57946014404297,34.55899429321289,168.97422790527344,94.2221450805664,137.6999969482422,129.45956420898438,55.91191864013672,464.916748046875
2022-07-06,139.98675537109375,257.0829772949219,114.33000183105469,114.13248443603516,168.159423828125,231.73333740234375,75.3499984741211,18.4060001373291,72.43223571777344,34.84156799316406,169.49432373046875,93.15563201904297,136.30999755859375,130.6673583984375,56.02678680419922,469.0968933105469
2022-07-07,143.3463134765625,259.1979064941406,116.33000183105469,118.18658447265625,170.5564727783203,244.5433349609375,79.30000305175781,18.927000045776367,74.21238708496094,35.92477798461914,173.33106994628906,94.46453094482422,139.97000122070312,130.62266540527344,55.58500289916992,471.2869873046875
2022-07-08,144.02215576171875,258.4833068847656,115.54000091552734,119.0409927368164,169.2589111328125,250.76333618164062,79.3499984741211,18.697999954223633,72.62014770507812,35.78348922729492,172.21243286132812,92.94232940673828,139.07000732421875,129.745849609375,55.78821563720703,477.56195068359375
2022-07-11,141.89669799804688,255.44131469726562,111.75,115.42919158935547,161.3347930908203,234.3433380126953,76.94999694824219,17.733999252319336,69.69279479980469,35.03937911987305,171.0937957763672,90.7898941040039,136.99000549316406,130.658447265625,55.61151123046875,475.04803466796875
2022-07-12,142.86636352539062,244.97296142578125,109.22000122070312,113.77189636230469,161.72109985351562,233.07000732421875,76.36000061035156,17.44499969482422,70.64220428466797,35.048797607421875,163.21420288085938,90.75111389160156,147.14999389648438,129.50430297851562,55.37294387817383,467.1163635253906
2022-07-13,142.5040283203125,244.0555419921875,110.4000015258789,111.1343765258789,161.9390106201172,237.0399932861328,77.5199966430664,17.6560001373291,70.57298278808594,35.048797607421875,160.4274139404297,90.1112060546875,143.9499969482422,130.354248046875,55.11671447753906,468.6874084472656
2022-07-14,145.42282104492188,245.36891174316406,110.62999725341797,110.39437866210938,156.55059814453125,238.31333923339844,78.5999984741211,17.47800064086914,68.78294372558594,35.519752502441406,158.02330017089844,89.044677734375,147.14999389648438,129.96954345703125,54.94000244140625,487.46466064453125
2022-07-15,147.08795166015625,247.91842651367188,113.55000305175781,111.70892333984375,163.13754272460938,240.06666564941406,81.11000061035156,18.910999298095703,73.09486389160156,36.37690353393555,164.2445526123047,92.30240631103516,147.74000549316406,129.79058837890625,55.222740173339844,497.9483642578125
2022-07-18,144.0515594482422,245.53311157226562,113.76000213623047,108.87873840332031,165.64349365234375,240.54666137695312,81.43000030517578,19.091999053955078,73.31242370605469,36.461673736572266,164.74496459960938,92.78719329833984,147.72000122070312,128.2159881591797,54.471717834472656,491.6161804199219
2022-07-19,147.90089416503906,250.632080078125,118.20999908447266,113.54454803466797,174.11241149902344,245.52999877929688,85.87999725341797,20.163000106811523,76.88261413574219,37.883975982666016,170.55404663085938,96.57819366455078,156.1300048828125,128.86904907226562,55.24924850463867,495.3583068847656
2022-07-20,149.89903259277344,253.2781219482422,122.7699966430664,113.62379455566406,181.35305786132812,247.5,89.43000030517578,21.643999099731445,79.35503387451172,38.2042236328125,179.0322723388672,100.20435333251953,158.3800048828125,126.64136505126953,54.339176177978516,499.1384582519531
2022-07-21,152.16165161132812,255.76004028320312,124.62999725341797,113.9605941772461,181.4322967529297,271.7066650390625,91.08999633789062,22.38800048828125,81.83735656738281,38.251319885253906,181.87794494628906,101.00908660888672,161.41000366210938,126.76107788085938,54.215484619140625,504.1470642089844
2022-07-22,150.92750549316406,251.43362426757812,122.41999816894531,107.34326934814453,167.66416931152344,272.24334716796875,88.0999984741211,22.04400062561035,80.1561050415039,36.923213958740234,179.05184936523438,99.59353637695312,158.16000366210938,128.78717041015625,54.41869354248047,504.3946533203125
2022-07-25,149.81088256835938,249.95603942871094,121.13999938964844,107.19469451904297,165.0690155029297,268.4333190917969,87.54000091552734,21.85099983215332,80.74949645996094,36.88554000854492,173.96893310546875,99.56444549560547,156.63999938964844,129.66065979003906,54.9488410949707,503.84234619140625
2022-07-26,148.48863220214844,243.26365661621094,114.80999755859375,104.45068359375,157.6401824951172,258.8599853515625,85.25,21.391000747680664,76.1903305053711,36.6971549987793,167.26686096191406,96.74300384521484,155.9199981689453,129.91281127929688,55.850074768066406,487.4551696777344
2022-07-27,153.57205200195312,259.5263366699219,120.97000122070312,112.53411865234375,167.97120666503906,274.82000732421875,89.81999969482422,22.674999237060547,85.46688079833984,37.846290588378906,176.9225311279297,100.34979248046875,156.08999633789062,131.14645385742188,55.67335510253906,497.33880615234375
2022-07-28,154.12057495117188,266.9333801269531,122.27999877929688,113.51481628417969,159.1952667236328,280.8999938964844,91.66999816894531,22.601999282836914,84.91305541992188,37.40359115600586,177.89398193359375,101.70718383789062,159.08999633789062,133.32562255859375,56.60110855102539,511.427001953125
2022-07-29,159.17465209960938,271.11480712890625,134.9499969482422,115.54560089111328,157.59066772460938,297.1499938964844,94.47000122070312,22.489999771118164,85.57566833496094,34.20106887817383,180.57281494140625,102.87064361572266,159.30999755859375,125.08619689941406,56.69829559326172,516.3106689453125
2022-08-01,158.19520568847656,268.47845458984375,135.38999938964844,114.39647674560547,158.4127655029297,297.27667236328125,96.77999877929688,22.621000289916992,87.58822631835938,34.813316345214844,179.55230712890625,102.98700714111328,169.07000732421875,128.67913818359375,57.00754165649414,521.5662231445312
2022-08-02,156.7259521484375,265.3978271484375,134.16000366210938,114.81253814697266,158.67030334472656,300.586669921875,99.29000091552734,22.142000198364258,88.64147186279297,33.91849136352539,180.34713745117188,101.52296447753906,163.27999877929688,127.82369232177734,56.230010986328125,518.3710327148438
2022-08-03,162.72039794921875,272.78558349609375,139.52000427246094,117.66552734375,167.19862365722656,307.39666748046875,98.08999633789062,22.67300033569336,96.84004974365234,34.39887237548828,186.09735107421875,105.70177459716797,166.63999938964844,130.4620819091797,56.4774055480957,521.757080078125
2022-08-04,162.4069366455078,273.9250793457031,142.57000732421875,117.7546615600586,168.95184326171875,308.6333312988281,103.91000366210938,22.990999221801758,95.91041564941406,33.92791748046875,187.68701171875,104.82917022705078,166.5,130.2550048828125,56.25651550292969,518.19921875
2022-08-05,162.18136596679688,273.21044921875,140.8000030517578,117.11077117919922,165.524658203125,288.1700134277344,102.30999755859375,22.67799949645996,94.26871490478516,33.6710319519043,186.6076202392578,103.384521484375,165.0399932861328,130.3179931640625,56.000282287597656,515.7096557617188
2022-08-08,161.7105712890625,270.7093200683594,139.41000366210938,117.0315170288086,168.63482666015625,290.42333984375,100.06999969482422,23.349000930786133,95.19835662841797,33.66151428222656,186.1955108642578,105.7890396118164,165.88999938964844,130.81326293945312,55.63801574707031,516.8829956054688
2022-08-09,161.7595977783203,272.6213684082031,137.8300018310547,116.39752960205078,166.9311981201172,283.3333435058594,95.54000091552734,22.993999481201172,93.43798828125,32.843292236328125,178.826171875,104.83885955810547,164.85000610351562,130.50711059570312,55.70870590209961,511.08367919921875
2022-08-10,165.99684143066406,279.2461853027344,142.69000244140625,119.5179672241211,176.64808654785156,294.3566589355469,99.05000305175781,24.410999298095703,97.81912994384766,33.65199661254883,185.0768585205078,109.00798797607422,169.02000427246094,131.74078369140625,56.23884582519531,514.8991088867188
2022-08-11,165.26116943359375,277.1795349121094,140.63999938964844,118.69574737548828,175.8061981201172,286.6300048828125,98.12000274658203,24.270000457763672,98.01692962646484,33.86131286621094,183.23204040527344,114.10789489746094,167.8800048828125,130.80422973632812,55.858917236328125,507.630859375
2022-08-12,168.802001953125,281.9019470214844,143.5500030517578,121.49921417236328,178.78761291503906,300.0299987792969,100.83000183105469,24.93000030517578,99.9849853515625,34.356056213378906,186.33285522460938,117.86979675292969,169.99000549316406,132.07395935058594,56.283023834228516,512.4095458984375
2022-08-15,169.87110900878906,283.408447265625,143.17999267578125,121.72704315185547,179.17393493652344,309.32000732421875,101.01000213623047,24.910999298095703,100.39045715332031,34.574886322021484,187.48095703125,120.47792053222656,170.47000122070312,133.77586364746094,56.989864349365234,520.5553588867188
2022-08-16,169.71420288085938,282.67449951171875,144.77999877929688,121.36051177978516,177.76736450195312,306.5633239746094,100.19999694824219,24.569000244140625,100.95417785644531,34.432167053222656,186.03846740722656,121.1566162109375,172.0800018310547,135.00950622558594,57.45815658569336,527.4895629882812
2022-08-17,171.20504760742188,281.92938232421875,142.10000610351562,119.19107055664062,173.1912384033203,303.9966735839844,98.2699966430664,24.114999771118164,98.3235092163086,34.04207992553711,184.4390411376953,119.07205963134766,167.1999969482422,134.38818359375,57.32563018798828,530.6373901367188
2022-08-18,170.8126983642578,280.81634521484375,142.3000030517578,119.72599792480469,173.00303649902344,302.8699951171875,100.44000244140625,24.517000198364258,98.75865936279297,34.44168472290039,184.40957641601562,118.93630981445312,168.69000244140625,134.8654327392578,57.62604904174805,535.0630493164062
2022-08-19,168.2331085205078,276.9259948730469,138.22999572753906,117.01171875,166.36660766601562,296.6666564941406,95.94999694824219,24.115999221801758,95.49504852294922,33.66151428222656,180.32748413085938,116.48332214355469,162.9199981689453,134.8294219970703,57.581851959228516,528.9299926757812
2022-08-22,164.3588104248047,268.79669189453125,133.22000122070312,113.99032592773438,161.503173828125,289.913330078125,92.83999633789062,22.65399932861328,92.54792022705078,32.196311950683594,173.66468811035156,112.4111557006836,158.97999572753906,134.4691925048828,56.724796295166016,520.2881469726562
2022-08-23,164.02528381347656,267.52899169921875,133.6199951171875,113.69313049316406,159.58157348632812,296.4533386230469,92.48999786376953,22.454999923706055,92.1720962524414,32.30097198486328,172.7030487060547,111.3640365600586,160.07000732421875,131.87586975097656,56.786643981933594,517.0451049804688
2022-08-24,164.31956481933594,266.8999328613281,133.8000030517578,113.62379455566406,161.71115112304688,297.0966796875,92.7300033569336,22.961000442504883,92.72593688964844,32.21534729003906,176.637939453125,112.86685943603516,163.60000610351562,131.30856323242188,56.86616516113281,518.14208984375
2022-08-25,166.7716522216797,269.86126708984375,137.27999877929688,116.59563446044922,167.1788330078125,296.07000732421875,97.18000030517578,23.398000717163086,95.65328216552734,33.195316314697266,170.65220642089844,113.88489532470703,169.3800048828125,131.2004852294922,57.14008331298828,525.3435668945312
2022-08-26,160.48446655273438,259.4481201171875,130.75,110.25568389892578,160.24522399902344,288.0899963378906,91.18000030517578,22.327999114990234,91.6776123046875,31.7396297454834,162.1348114013672,110.59807586669922,164.52999877929688,128.12985229492188,55.761722564697266,507.2684020996094
2022-08-29,158.28741455078125,256.6802673339844,129.7899932861328,109.30470275878906,157.6599578857422,284.82000732421875,88.48999786376953,22.457000732421875,91.6380615234375,31.34002685546875,157.2088623046875,110.07450103759766,165.4199981689453,127.58954620361328,55.42596435546875,506.54345703125
2022-08-30,155.86474609375,254.4931640625,128.72999572753906,108.87873840332031,155.6690673828125,277.70001220703125,86.94000244140625,22.065000534057617,90.78755187988281,30.693056106567383,156.67898559570312,109.00798797607422,162.2100067138672,126.22980499267578,54.91349411010742,499.94287109375
2022-08-31,154.20716857910156,253.04150390625,126.7699966430664,108.12586975097656,161.38430786132812,275.6099853515625,84.87000274658203,22.356000900268555,92.40946960449219,30.36957359313965,153.19544982910156,108.66864776611328,160.25,124.2127456665039,54.524723052978516,497.9969787597656
2022-09-01,154.9329833984375,252.0059814453125,127.81999969482422,109.51273345947266,163.791259765625,277.1600036621094,82.33000183105469,23.003999710083008,91.6380615234375,30.21734619140625,150.65399169921875,109.1049575805664,153.66000366210938,125.7435302734375,54.78096008300781,504.7406005859375
2022-09-02,152.82415771484375,247.80593872070312,127.51000213623047,107.6602783203125,158.79908752441406,270.2099914550781,80.23999786376953,22.611000061035156,90.12493133544922,29.70357322692871,150.81097412109375,107.81542205810547,151.82000732421875,123.5103530883789,54.029937744140625,495.1449890136719
2022-09-06,151.56869506835938,245.0865020751953,126.11000061035156,106.47154235839844,157.03591918945312,274.4200134277344,78.72000122070312,21.839000701904297,90.60458374023438,28.88534927368164,148.87789916992188,106.73921203613281,152.38999938964844,122.1325912475586,54.05644226074219,494.9447326660156
2022-09-07,152.97128295898438,249.7704315185547,129.47999572753906,109.44338989257812,158.86842346191406,283.70001220703125,79.61000061035156,22.895999908447266,93.9225845336914,29.1612606048584,150.4086456298828,109.26007843017578,155.9499969482422,123.97858428955078,55.05487060546875,505.18896484375
2022-09-08,151.5000457763672,250.18663024902344,129.82000732421875,108.39334106445312,160.5225830078125,289.260009765625,82.77999877929688,22.743999481201172,95.10934448242188,29.256406784057617,153.96084594726562,108.9110336303711,157.7899932861328,124.14071655273438,54.886993408203125,504.69305419921875
2022-09-09,154.35427856445312,255.9351043701172,133.27000427246094,110.73119354248047,167.54530334472656,299.67999267578125,85.44999694824219,23.35700035095215,95.16869354248047,29.931915283203125,159.54428100585938,111.6742935180664,157.52000427246094,126.03170776367188,55.06370162963867,511.80859375
2022-09-12,160.29812622070312,258.05450439453125,136.4499969482422,110.82035827636719,167.3571014404297,304.4200134277344,84.63999938964844,23.652999877929688,96.57302856445312,30.027061462402344,162.52731323242188,112.84745788574219,158.72000122070312,127.05828857421875,55.222740173339844,514.61279296875
2022-09-13,150.89190673828125,243.8671417236328,126.81999969482422,104.32189178466797,151.67726135253906,292.1300048828125,77.02999877929688,21.812999725341797,93.96215057373047,27.867319107055664,155.1383819580078,108.35839080810547,147.30999755859375,124.42884063720703,53.429100036621094,486.7418212890625
2022-09-14,152.33372497558594,244.0896759033203,128.5500030517578,104.87664794921875,150.03302001953125,302.6099853515625,77.44999694824219,22.41200065612793,96.58292388916016,27.76266098022461,157.27752685546875,109.07585906982422,149.25999450683594,124.72599029541016,53.71185302734375,484.5479736328125
2022-09-15,149.45008850097656,237.47018432617188,126.27999877929688,102.92511749267578,148.13125610351562,303.75,76.66000366210938,23.538000106811523,95.3368148803711,27.439178466796875,151.88055419921875,107.39850616455078,149.77999877929688,123.76248168945312,52.98204803466797,480.25567626953125
2022-09-16,147.8120880126953,236.85081481933594,123.52999877929688,102.65765380859375,144.9021453857422,303.3500061035156,76.51000213623047,24.01300048828125,92.9632797241211,27.81974983215332,148.67181396484375,104.95520782470703,144.2899932861328,124.51888275146484,52.99094009399414,480.86614990234375
2022-09-19,151.5196533203125,236.63792419433594,124.66000366210938,102.8756103515625,146.6157684326172,309.07000732421875,76.7699966430664,24.363000869750977,93.98192596435547,28.010032653808594,149.9671173095703,105.84722137451172,144.8800048828125,124.25777435302734,53.391456604003906,483.1839904785156
2022-09-20,153.89328002929688,234.63461303710938,122.19000244140625,100.87454223632812,144.70407104492188,308.7300109863281,75.25,24.28499984741211,90.61941528320312,27.553346633911133,146.99386596679688,104.29590606689453,145.94000244140625,123.81652069091797,53.31134796142578,476.45947265625
2022-09-21,150.77423095703125,231.24746704101562,118.54000091552734,99.07162475585938,140.771728515625,300.79998779296875,74.4800033569336,23.687000274658203,90.17439270019531,27.087148666381836,144.86451721191406,101.30964660644531,143.2899932861328,122.22264099121094,52.86634826660156,470.3072509765625
2022-09-22,149.81300354003906,233.21200561523438,117.30999755859375,99.6263656616211,141.465087890625,288.5899963378906,69.5,23.704999923706055,86.6932144165039,26.706575393676758,147.33729553222656,99.05057525634766,138.7100067138672,122.65489196777344,52.74174118041992,464.67962646484375
2022-09-23,147.5472869873047,230.2506561279297,113.77999877929688,98.239501953125,139.07794189453125,275.3299865722656,67.95999908447266,22.641000747680664,86.01081848144531,26.183290481567383,144.25613403320312,96.4715347290039,131.25999450683594,122.08757019042969,52.15434646606445,444.86846923828125
2022-09-26,147.88075256347656,229.7957763671875,115.1500015258789,97.88287353515625,135.07627868652344,276.010009765625,66.30000305175781,22.406999588012695,83.3307113647461,25.66000747680664,143.5790557861328,95.13355255126953,127.33999633789062,122.20466613769531,51.504634857177734,458.126708984375
2022-09-27,148.8517608642578,228.78932189941406,114.41000366210938,97.16963958740234,133.12496948242188,282.94000244140625,67.16999816894531,22.43600082397461,84.80427551269531,25.583892822265625,146.10092163085938,92.93263244628906,127.51000213623047,118.8458480834961,50.178524017333984,456.2191162109375
2022-09-28,146.96853637695312,233.29913330078125,118.01000213623047,99.79478454589844,140.26657104492188,287.80999755859375,68.36000061035156,24.520000457763672,90.11504364013672,25.81223487854004,147.35690307617188,96.37458038330078,133.44000244140625,118.8458480834961,50.7125358581543,465.7479248046875
2022-09-29,139.74960327148438,229.8441925048828,114.80000305175781,97.16963958740234,135.11593627929688,268.2099914550781,64.13999938964844,23.97100067138672,87.72173309326172,25.098663330078125,144.0598602294922,94.48392486572266,125.33000183105469,115.89225006103516,50.34762191772461,456.86767578125
