timestamp,text
2026-09-28T09:15:00Z,Tesla shares jump after record quarterly deliveries beat analyst expectations
2026-09-28T10:02:00Z,Boeing faces investigation over safety lapses as regulators ground jets
2026-09-28T11:30:00Z,Apple announces new iPhone lineup with major AI features
2026-09-29T08:45:00Z,Intel faces downgrade as credit rating agencies warn of rising debt and weak cash flow
2026-09-29T13:20:00Z,Microsoft to acquire cybersecurity startup in multi-billion dollar deal
2026-09-29T15:05:00Z,Federal Reserve signals possible rate hike; Netflix shares slide
2026-09-30T09:00:00Z,Amazon reports slowing cloud growth and cuts full-year guidance
2026-09-30T10:30:00Z,Disney unveils new streaming bundle and raises subscriber forecast
2026-09-30T11:45:00Z,Costco shares steady as retailer reports in-line monthly sales
2026-09-30T14:40:00Z,AMD unveils next-generation AI chip as export tensions escalate
2026-10-01T08:30:00Z,PayPal faces antitrust lawsuit over payment fees
2026-10-01T09:50:00Z,Coca-Cola warns of supply disruption as Middle East conflict escalates shipping costs
